,Unnamed: 0.1,Unnamed: 0_x,secs,nsecs,L_is_valid,L_palm_j0_t_x,L_palm_j0_t_y,L_palm_j0_t_z,L_palm_j0_r_x,L_palm_j0_r_y,L_palm_j0_r_z,L_palm_j0_r_w,L_thumb_j0_t_x,L_thumb_j0_t_y,L_thumb_j0_t_z,L_thumb_j0_r_x,L_thumb_j0_r_y,L_thumb_j0_r_z,L_thumb_j0_r_w,L_thumb_j1_t_x,L_thumb_j1_t_y,L_thumb_j1_t_z,L_thumb_j1_r_x,L_thumb_j1_r_y,L_thumb_j1_r_z,L_thumb_j1_r_w,L_thumb_j2_t_x,L_thumb_j2_t_y,L_thumb_j2_t_z,L_thumb_j2_r_x,L_thumb_j2_r_y,L_thumb_j2_r_z,L_thumb_j2_r_w,L_thumb_j3_t_x,L_thumb_j3_t_y,L_thumb_j3_t_z,L_thumb_j3_r_x,L_thumb_j3_r_y,L_thumb_j3_r_z,L_thumb_j3_r_w,L_thumb_j4_t_x,L_thumb_j4_t_y,L_thumb_j4_t_z,L_thumb_j4_r_x,L_thumb_j4_r_y,L_thumb_j4_r_z,L_thumb_j4_r_w,L_index_j0_t_x,L_index_j0_t_y,L_index_j0_t_z,L_index_j0_r_x,L_index_j0_r_y,L_index_j0_r_z,L_index_j0_r_w,L_index_j1_t_x,L_index_j1_t_y,L_index_j1_t_z,L_index_j1_r_x,L_index_j1_r_y,L_index_j1_r_z,L_index_j1_r_w,L_index_j2_t_x,L_index_j2_t_y,L_index_j2_t_z,L_index_j2_r_x,L_index_j2_r_y,L_index_j2_r_z,L_index_j2_r_w,L_index_j3_t_x,L_index_j3_t_y,L_index_j3_t_z,L_index_j3_r_x,L_index_j3_r_y,L_index_j3_r_z,L_index_j3_r_w,L_index_j4_t_x,L_index_j4_t_y,L_index_j4_t_z,L_index_j4_r_x,L_index_j4_r_y,L_index_j4_r_z,L_index_j4_r_w,L_middle_j0_t_x,L_middle_j0_t_y,L_middle_j0_t_z,L_middle_j0_r_x,L_middle_j0_r_y,L_middle_j0_r_z,L_middle_j0_r_w,L_middle_j1_t_x,L_middle_j1_t_y,L_middle_j1_t_z,L_middle_j1_r_x,L_middle_j1_r_y,L_middle_j1_r_z,L_middle_j1_r_w,L_middle_j2_t_x,L_middle_j2_t_y,L_middle_j2_t_z,L_middle_j2_r_x,L_middle_j2_r_y,L_middle_j2_r_z,L_middle_j2_r_w,L_middle_j3_t_x,L_middle_j3_t_y,L_middle_j3_t_z,L_middle_j3_r_x,L_middle_j3_r_y,L_middle_j3_r_z,L_middle_j3_r_w,L_middle_j4_t_x,L_middle_j4_t_y,L_middle_j4_t_z,L_middle_j4_r_x,L_middle_j4_r_y,L_middle_j4_r_z,L_middle_j4_r_w,L_ring_j0_t_x,L_ring_j0_t_y,L_ring_j0_t_z,L_ring_j0_r_x,L_ring_j0_r_y,L_ring_j0_r_z,L_ring_j0_r_w,L_ring_j1_t_x,L_ring_j1_t_y,L_ring_j1_t_z,L_ring_j1_r_x,L_ring_j1_r_y,L_ring_j1_r_z,L_ring_j1_r_w,L_ring_j2_t_x,L_ring_j2_t_y,L_ring_j2_t_z,L_ring_j2_r_x,L_ring_j2_r_y,L_ring_j2_r_z,L_ring_j2_r_w,L_ring_j3_t_x,L_ring_j3_t_y,L_ring_j3_t_z,L_ring_j3_r_x,L_ring_j3_r_y,L_ring_j3_r_z,L_ring_j3_r_w,L_ring_j4_t_x,L_ring_j4_t_y,L_ring_j4_t_z,L_ring_j4_r_x,L_ring_j4_r_y,L_ring_j4_r_z,L_ring_j4_r_w,L_little_j0_t_x,L_little_j0_t_y,L_little_j0_t_z,L_little_j0_r_x,L_little_j0_r_y,L_little_j0_r_z,L_little_j0_r_w,L_little_j1_t_x,L_little_j1_t_y,L_little_j1_t_z,L_little_j1_r_x,L_little_j1_r_y,L_little_j1_r_z,L_little_j1_r_w,L_little_j2_t_x,L_little_j2_t_y,L_little_j2_t_z,L_little_j2_r_x,L_little_j2_r_y,L_little_j2_r_z,L_little_j2_r_w,L_little_j3_t_x,L_little_j3_t_y,L_little_j3_t_z,L_little_j3_r_x,L_little_j3_r_y,L_little_j3_r_z,L_little_j3_r_w,L_little_j4_t_x,L_little_j4_t_y,L_little_j4_t_z,L_little_j4_r_x,L_little_j4_r_y,L_little_j4_r_z,L_little_j4_r_w,Unnamed: 0_y,R_is_valid,R_palm_j0_t_x,R_palm_j0_t_y,R_palm_j0_t_z,R_palm_j0_r_x,R_palm_j0_r_y,R_palm_j0_r_z,R_palm_j0_r_w,R_thumb_j0_t_x,R_thumb_j0_t_y,R_thumb_j0_t_z,R_thumb_j0_r_x,R_thumb_j0_r_y,R_thumb_j0_r_z,R_thumb_j0_r_w,R_thumb_j1_t_x,R_thumb_j1_t_y,R_thumb_j1_t_z,R_thumb_j1_r_x,R_thumb_j1_r_y,R_thumb_j1_r_z,R_thumb_j1_r_w,R_thumb_j2_t_x,R_thumb_j2_t_y,R_thumb_j2_t_z,R_thumb_j2_r_x,R_thumb_j2_r_y,R_thumb_j2_r_z,R_thumb_j2_r_w,R_thumb_j3_t_x,R_thumb_j3_t_y,R_thumb_j3_t_z,R_thumb_j3_r_x,R_thumb_j3_r_y,R_thumb_j3_r_z,R_thumb_j3_r_w,R_thumb_j4_t_x,R_thumb_j4_t_y,R_thumb_j4_t_z,R_thumb_j4_r_x,R_thumb_j4_r_y,R_thumb_j4_r_z,R_thumb_j4_r_w,R_index_j0_t_x,R_index_j0_t_y,R_index_j0_t_z,R_index_j0_r_x,R_index_j0_r_y,R_index_j0_r_z,R_index_j0_r_w,R_index_j1_t_x,R_index_j1_t_y,R_index_j1_t_z,R_index_j1_r_x,R_index_j1_r_y,R_index_j1_r_z,R_index_j1_r_w,R_index_j2_t_x,R_index_j2_t_y,R_index_j2_t_z,R_index_j2_r_x,R_index_j2_r_y,R_index_j2_r_z,R_index_j2_r_w,R_index_j3_t_x,R_index_j3_t_y,R_index_j3_t_z,R_index_j3_r_x,R_index_j3_r_y,R_index_j3_r_z,R_index_j3_r_w,R_index_j4_t_x,R_index_j4_t_y,R_index_j4_t_z,R_index_j4_r_x,R_index_j4_r_y,R_index_j4_r_z,R_index_j4_r_w,R_middle_j0_t_x,R_middle_j0_t_y,R_middle_j0_t_z,R_middle_j0_r_x,R_middle_j0_r_y,R_middle_j0_r_z,R_middle_j0_r_w,R_middle_j1_t_x,R_middle_j1_t_y,R_middle_j1_t_z,R_middle_j1_r_x,R_middle_j1_r_y,R_middle_j1_r_z,R_middle_j1_r_w,R_middle_j2_t_x,R_middle_j2_t_y,R_middle_j2_t_z,R_middle_j2_r_x,R_middle_j2_r_y,R_middle_j2_r_z,R_middle_j2_r_w,R_middle_j3_t_x,R_middle_j3_t_y,R_middle_j3_t_z,R_middle_j3_r_x,R_middle_j3_r_y,R_middle_j3_r_z,R_middle_j3_r_w,R_middle_j4_t_x,R_middle_j4_t_y,R_middle_j4_t_z,R_middle_j4_r_x,R_middle_j4_r_y,R_middle_j4_r_z,R_middle_j4_r_w,R_ring_j0_t_x,R_ring_j0_t_y,R_ring_j0_t_z,R_ring_j0_r_x,R_ring_j0_r_y,R_ring_j0_r_z,R_ring_j0_r_w,R_ring_j1_t_x,R_ring_j1_t_y,R_ring_j1_t_z,R_ring_j1_r_x,R_ring_j1_r_y,R_ring_j1_r_z,R_ring_j1_r_w,R_ring_j2_t_x,R_ring_j2_t_y,R_ring_j2_t_z,R_ring_j2_r_x,R_ring_j2_r_y,R_ring_j2_r_z,R_ring_j2_r_w,R_ring_j3_t_x,R_ring_j3_t_y,R_ring_j3_t_z,R_ring_j3_r_x,R_ring_j3_r_y,R_ring_j3_r_z,R_ring_j3_r_w,R_ring_j4_t_x,R_ring_j4_t_y,R_ring_j4_t_z,R_ring_j4_r_x,R_ring_j4_r_y,R_ring_j4_r_z,R_ring_j4_r_w,R_little_j0_t_x,R_little_j0_t_y,R_little_j0_t_z,R_little_j0_r_x,R_little_j0_r_y,R_little_j0_r_z,R_little_j0_r_w,R_little_j1_t_x,R_little_j1_t_y,R_little_j1_t_z,R_little_j1_r_x,R_little_j1_r_y,R_little_j1_r_z,R_little_j1_r_w,R_little_j2_t_x,R_little_j2_t_y,R_little_j2_t_z,R_little_j2_r_x,R_little_j2_r_y,R_little_j2_r_z,R_little_j2_r_w,R_little_j3_t_x,R_little_j3_t_y,R_little_j3_t_z,R_little_j3_r_x,R_little_j3_r_y,R_little_j3_r_z,R_little_j3_r_w,R_little_j4_t_x,R_little_j4_t_y,R_little_j4_t_z,R_little_j4_r_x,R_little_j4_r_y,R_little_j4_r_z,R_little_j4_r_w,Unnamed: 0,translation_x,translation_y,translation_z,rotation_x,rotation_y,rotation_z,rotation_w
5619,5619,,1653380498.0,893397100.0,,,,,,,,,,,,,,,,,,,,,,,,,,,,,,,,,,,,,,,,,,,,,,,,,,,,,,,,,,,,,,,,,,,,,,,,,,,,,,,,,,,,,,,,,,,,,,,,,,,,,,,,,,,,,,,,,,,,,,,,,,,,,,,,,,,,,,,,,,,,,,,,,,,,,,,,,,,,,,,,,,,,,,,,,,,,,,,,,,,,,,,,13043.0,False,0.0,0.0,0.0,0.0,0.0,0.0,0.0,,,,,,,,,,,,,,,,,,,,,,,,,,,,,,,,,,,,,,,,,,,,,,,,,,,,,,,,,,,,,,,,,,,,,,,,,,,,,,,,,,,,,,,,,,,,,,,,,,,,,,,,,,,,,,,,,,,,,,,,,,,,,,,,,,,,,,,,,,,,,,,,,,,,,,,,,,,,,,,,,,,,,,,,,,,,,,,,13042,0.0219510402530431,-0.3583859205245971,1.6094566583633425,0.0818723291158676,0.2150190472602844,-0.0140841677784919,0.9730700850486756
5620,5620,,1653380498.0,909789400.0,,,,,,,,,,,,,,,,,,,,,,,,,,,,,,,,,,,,,,,,,,,,,,,,,,,,,,,,,,,,,,,,,,,,,,,,,,,,,,,,,,,,,,,,,,,,,,,,,,,,,,,,,,,,,,,,,,,,,,,,,,,,,,,,,,,,,,,,,,,,,,,,,,,,,,,,,,,,,,,,,,,,,,,,,,,,,,,,,,,,,,,,13044.0,True,0.0495238713920116,-0.2367295324802398,1.1923549175262451,-0.4598537683486938,-0.417402982711792,-0.4995448887348175,-0.6039571166038513,0.0398904457688331,-0.2875536978244781,1.2012985944747925,-0.4598537683486938,-0.417402982711792,-0.4995448887348175,-0.6039571166038513,0.0272184330970048,-0.2623130083084106,1.214964747428894,-0.1119758561253547,0.1904840171337127,-0.7572986483573914,-0.6145533919334412,0.016833646222949,-0.2203076332807541,1.2340590953826904,0.0994524583220481,-0.0201626550406217,-0.6715019941329956,-0.7340216636657715,0.0201379172503948,-0.1869861930608749,1.2285213470458984,0.0441196449100971,0.0325662456452846,-0.7199259996414185,-0.6918810606002808,0.0193610191345214,-0.1669338494539261,1.2281508445739746,0.0441196449100971,0.0325662456452846,-0.7199259996414185,-0.6918810606002808,0.0347423925995826,-0.2636667490005493,1.205854058265686,0.5743013024330139,0.3993724882602691,0.5145319700241089,0.4959199428558349,0.0446980148553848,-0.1999938488006591,1.2186588048934937,-0.2711063027381897,-0.5143311619758606,-0.5660542249679565,-0.5844205617904663,0.03754573315382,-0.1604033261537552,1.2062723636627195,0.0238516088575124,-0.6532699465751648,-0.6587721109390259,-0.3724094927310943,0.0188722237944602,-0.148510456085205,1.1928656101226809,-0.1122353821992874,0.7607450485229492,0.5847728848457336,0.2582845389842987,0.0055596269667148,-0.1464328169822693,1.1845710277557373,-0.1122353821992874,0.7607450485229492,0.5847728848457336,0.2582845389842987,0.0387729369103908,-0.2660558819770813,1.1985101699829102,-0.4555672109127044,-0.344728946685791,-0.4980530738830566,-0.6523523926734924,0.0560176074504852,-0.2036155611276626,1.1987708806991575,0.2776636779308319,0.5489431023597717,0.5297676920890808,0.5838754177093506,0.048161718994379,-0.1593751013278961,1.1821553707122805,0.0374153517186641,0.7348824143409729,0.6011102199554443,0.3117922246456146,0.0253654047846794,-0.1471690833568573,1.170419454574585,-0.0620724335312843,0.8357015252113342,0.5252315998077393,0.1479248851537704,0.0088752545416355,-0.1462713032960891,1.164987564086914,-0.0620724335312843,0.8357015252113342,0.5252315998077393,0.1479248851537704,0.0437964424490928,-0.2686969339847564,1.1883668899536133,-0.3355623781681061,-0.358639121055603,-0.5077359080314636,-0.70779949426651,0.0579959563910961,-0.2087244838476181,1.1779321432113647,0.2650335729122162,0.5834547281265259,0.5150097608566284,0.56930011510849,0.0489461161196231,-0.1703656017780304,1.1611723899841309,0.0746872574090957,0.7864986062049866,0.5504280924797058,0.2699456810951233,0.028339460492134,-0.1602308303117752,1.1528035402297974,0.0059883827343583,0.8404147028923035,0.5168941020965576,0.1627503782510757,0.0106281675398349,-0.1568957269191742,1.1478028297424316,0.0059883827343583,0.8404147028923035,0.5168941020965576,0.1627503782510757,0.0449756272137165,-0.2712607681751251,1.1791250705718994,-0.1986350268125534,-0.3697777688503265,-0.5099045038223267,-0.7508700489997864,0.0571789517998695,-0.2173332422971725,1.158281922340393,0.2874025404453277,0.62300044298172,0.4890512228012085,0.5386084318161011,0.049868207424879,-0.1919233053922653,1.147083401679993,0.1353835612535476,0.8146151304244995,0.4613583981990814,0.3243791759014129,0.0353819616138935,-0.1819204539060592,1.1393184661865234,0.1296292841434478,0.8814693689346313,0.4364813268184662,0.1252675205469131,0.0212271399796009,-0.1768054813146591,1.1376882791519165,0.1296292841434478,0.8814693689346313,0.4364813268184662,0.1252675205469131,13045,0.0235151648521423,-0.3584032356739044,1.6083379983901978,0.0831871852278709,0.2150710523128509,-0.0183591991662979,0.9728758335113524
5621,5621,,1653380498.0,927506900.0,,,,,,,,,,,,,,,,,,,,,,,,,,,,,,,,,,,,,,,,,,,,,,,,,,,,,,,,,,,,,,,,,,,,,,,,,,,,,,,,,,,,,,,,,,,,,,,,,,,,,,,,,,,,,,,,,,,,,,,,,,,,,,,,,,,,,,,,,,,,,,,,,,,,,,,,,,,,,,,,,,,,,,,,,,,,,,,,,,,,,,,,13046.0,True,0.0503348372876644,-0.2367753833532333,1.1919457912445068,-0.4597671031951904,-0.4174007177352905,-0.4995174705982208,-0.604047417640686,0.0406974703073501,-0.2875971794128418,1.2008987665176392,-0.4597671031951904,-0.4174007177352905,-0.4995174705982208,-0.604047417640686,0.0280248932540416,-0.2623529732227325,1.2145577669143677,-0.1118540540337562,0.1904510557651519,-0.7573100328445435,-0.6145719289779663,0.0176396742463111,-0.220343068242073,1.2336419820785522,0.0995751544833183,-0.0201840437948703,-0.671473503112793,-0.7340304255485535,0.020946480333805,-0.1870229691267013,1.2280977964401243,0.0442427508533,0.0325384251773357,-0.7199079990386963,-0.6918932795524597,0.0201706960797309,-0.166970670223236,1.2277228832244873,0.0442427508533,0.0325384251773357,-0.7199079990386963,-0.6918932795524597,0.0355500504374504,-0.2637089788913727,1.2054485082626345,0.5742242932319641,0.39937624335289,0.5145172476768494,0.4960211813449859,0.0455072596669197,-0.200033962726593,1.2182413339614868,-0.2710195779800415,-0.514342188835144,-0.5660041570663452,-0.5844996571540833,0.0383588075637817,-0.1604456603527069,1.2058457136154177,0.0239190533757209,-0.653313159942627,-0.6586925387382507,-0.3724699914455414,0.0196878015995025,-0.1485545784235,1.1924338340759275,-0.112282857298851,0.7607908844947815,0.5846790671348572,0.2583414316177368,0.0063764788210392,-0.1464779675006866,1.1841368675231934,-0.112282857298851,0.7607908844947815,0.5846790671348572,0.2583414316177368,0.0395814888179302,-0.2660999000072479,1.1981056928634644,-0.4554737210273742,-0.3447232544422149,-0.4980316162109375,-0.6524370908737183,0.0568294376134872,-0.2036604285240173,1.1983556747436523,0.2775805592536926,0.5489500761032104,0.5297144651412964,0.583956778049469,0.0489782094955444,-0.1594230085611343,1.1817299127578735,0.0373604632914066,0.7349222898483276,0.6010280847549438,0.311863362789154,0.026184182614088,-0.1472182273864746,1.1699882745742798,-0.0621022880077362,0.8357475399971008,0.5251363515853882,0.1479906439781189,0.0096948444843292,-0.1463207155466079,1.1645538806915283,-0.0621022880077362,0.8357475399971008,0.5251363515853882,0.1479906439781189,0.0446062721312046,-0.2687433063983917,1.187963604927063,-0.3354627788066864,-0.3586336970329284,-0.5077032446861267,-0.7078729271888733,0.0588104203343391,-0.2087737917900085,1.177518367767334,0.2649538815021515,0.5834615230560303,0.5149524807929993,0.5693821310997009,0.0497649498283863,-0.170417919754982,1.1607493162155151,0.0746455863118171,0.786501407623291,0.5503726601600647,0.2700619697570801,0.0291610732674598,-0.1602823436260223,1.1523746252059937,0.0059702484868466,0.840364933013916,0.5169394016265869,0.1628644168376922,0.0114511586725711,-0.1569453477859497,1.1473703384399414,0.0059702484868466,0.840364933013916,0.5169394016265869,0.1628644168376922,0.0457866080105304,-0.2713091373443603,1.1787225008010864,-0.1985311210155487,-0.3697732090950012,-0.5098599195480347,-0.7509300708770752,0.0579956993460655,-0.2173865884542465,1.157869815826416,0.2873289287090301,0.6230061650276184,0.4889921844005584,0.5386948585510254,0.0506878718733787,-0.1919786185026168,1.1466649770736694,0.1353392302989959,0.8146369457244873,0.4612744450569153,0.3244622945785522,0.0362032353878021,-0.1819766014814376,1.1388959884643557,0.1296091824769973,0.881502628326416,0.4363952577114105,0.125354066491127,0.0220489129424095,-0.1768612265586853,1.1372627019882202,0.1296091824769973,0.881502628326416,0.4363952577114105,0.125354066491127,13047,0.0249197334051132,-0.3589467704296112,1.6070696115493774,0.0834944918751716,0.2098452001810073,-0.0228987671434879,0.973893940448761
5622,5622,,1653380498.0,941820100.0,,,,,,,,,,,,,,,,,,,,,,,,,,,,,,,,,,,,,,,,,,,,,,,,,,,,,,,,,,,,,,,,,,,,,,,,,,,,,,,,,,,,,,,,,,,,,,,,,,,,,,,,,,,,,,,,,,,,,,,,,,,,,,,,,,,,,,,,,,,,,,,,,,,,,,,,,,,,,,,,,,,,,,,,,,,,,,,,,,,,,,,,13048.0,True,0.0444347634911537,-0.2705188393592834,1.1824886798858645,-0.5085148215293884,-0.4456506073474884,-0.4047697186470032,-0.6156051158905029,0.0292927771806716,-0.3173031210899353,1.1964051723480225,-0.5085148215293884,-0.4456506073474884,-0.4047697186470032,-0.6156051158905029,0.0221789702773094,-0.2929852306842804,1.209010124206543,-0.0809757858514785,0.1257979720830917,-0.7859571576118469,-0.5999076962471008,0.0097415670752525,-0.2500245273113251,1.2219650745391846,0.1517541855573654,-0.0638579577207565,-0.7393091320991516,-0.652927815914154,0.0062783360481262,-0.2176848948001861,1.2114441394805908,0.1380969882011413,-0.059149794280529,-0.7642648816108704,-0.6271600127220154,0.0028303936123847,-0.1991403847932815,1.2058297395706177,0.1380969882011413,-0.059149794280529,-0.7642648816108704,-0.6271600127220154,0.0281447526067495,-0.2948701679706573,1.1995646953582764,0.6180355548858643,0.4109843373298645,0.4223134815692901,0.5203606486320496,0.0483663007616996,-0.2321496903896331,1.2058061361312866,0.2206933349370956,0.6610264778137207,0.5724233388900757,0.4320532977581024,0.0255835950374603,-0.1982972025871276,1.1920939683914185,0.0040442375466227,0.7015845775604248,0.6594659686088562,0.2699395716190338,0.0035785846412181,-0.1889796555042266,1.1824742555618286,-0.0404937714338302,0.7803939580917358,0.5815847516059875,0.2260636091232299,-0.0102906599640846,-0.1858825981616974,1.176273226737976,-0.0404937714338302,0.7803939580917358,0.5815847516059875,0.2260636091232299,0.0306939091533422,-0.29771688580513,1.192251205444336,-0.4991763532161712,-0.3777777552604675,-0.4055330455303192,-0.6660705208778381,0.0548002123832702,-0.2403734773397445,1.1861011981964111,0.2371178716421127,0.6861037611961365,0.5660315155982971,0.3906983435153961,0.0280863475054502,-0.205153077840805,1.173819899559021,-0.2170061767101287,0.7574129104614258,0.5799415707588196,-0.2071274518966674,0.0040595941245555,-0.2218241542577743,1.1756383180618286,-0.4877979755401611,0.6042190194129944,0.2966020405292511,-0.5558774471282959,0.005765289068222,-0.2385229915380478,1.1825846433639526,-0.4877979755401611,0.6042190194129944,0.2966020405292511,-0.5558774471282959,0.0338143557310104,-0.301028162240982,1.1820449829101562,-0.3795867562294006,-0.4071094989776611,-0.4196205735206604,-0.7170037627220154,0.0520212426781654,-0.2486103773117065,1.1667805910110474,0.2222858965396881,0.7447918653488159,0.5233851671218872,0.349202036857605,0.0255561545491218,-0.2205607593059539,1.155205488204956,-0.2185560911893844,0.7572651505470276,0.4844138920307159,-0.3796393573284149,0.0106002986431121,-0.2375213652849197,1.1640212535858154,-0.4538986980915069,0.5574989914894104,0.2476208060979843,-0.6495035290718079,0.0157273150980472,-0.2541149258613586,1.1740325689315796,-0.4538986980915069,0.5574989914894104,0.2476208060979843,-0.6495035290718079,0.033355925232172,-0.3044039607048034,1.1730018854141235,-0.2355942279100418,-0.4353308081626892,-0.4285928905010223,-0.7558376789093018,0.047956496477127,-0.255291223526001,1.1467399597167969,0.300857275724411,0.7575734853744507,0.4478365480899811,0.367436796426773,0.0342980846762657,-0.2357610166072845,1.1395928859710691,-0.1003965884447097,0.804702639579773,0.4798167049884796,-0.3348882794380188,0.019410490989685,-0.2452773004770279,1.1483147144317627,-0.3089039027690887,0.6481800675392151,0.1770110130310058,-0.6731330752372742,0.0209793709218502,-0.2556021809577942,1.1606521606445312,-0.3089039027690887,0.6481800675392151,0.1770110130310058,-0.6731330752372742,13049,0.0253130849450826,-0.3588156402111053,1.6072537899017334,0.0842963978648185,0.2024136483669281,-0.0276368595659732,0.975273847579956
5623,5623,,1653380498.0,960295300.0,,,,,,,,,,,,,,,,,,,,,,,,,,,,,,,,,,,,,,,,,,,,,,,,,,,,,,,,,,,,,,,,,,,,,,,,,,,,,,,,,,,,,,,,,,,,,,,,,,,,,,,,,,,,,,,,,,,,,,,,,,,,,,,,,,,,,,,,,,,,,,,,,,,,,,,,,,,,,,,,,,,,,,,,,,,,,,,,,,,,,,,,13050.0,True,0.0446034967899322,-0.2687861323356628,1.1807068586349487,-0.5085148215293884,-0.4456506669521332,-0.4047695696353912,-0.6156051754951477,0.029461508616805,-0.3155704140663147,1.194623351097107,-0.5085148215293884,-0.4456506669521332,-0.4047695696353912,-0.6156051754951477,0.0223477035760879,-0.2912525236606598,1.2072283029556274,-0.0809692069888114,0.1258000582456588,-0.7859658002853394,-0.5998966693878174,0.0099089723080396,-0.2482920587062835,1.2201827764511108,0.1517446190118789,-0.0638324990868568,-0.7392750382423401,-0.6529712080955505,0.006449420005083,-0.2159514725208282,1.2096636295318604,0.1381414234638214,-0.0592132806777954,-0.7643455266952515,-0.6270459890365601,0.0029963292181491,-0.197408840060234,1.2040462493896484,0.1381414234638214,-0.0592132806777954,-0.7643455266952515,-0.6270459890365601,0.028313485905528,-0.2931374609470367,1.1977828741073608,0.6180355548858643,0.4109844267368316,0.4223133623600006,0.5203608274459839,0.0485350415110588,-0.2304169684648513,1.204024314880371,0.2206933498382568,0.6610265374183655,0.5724231600761414,0.43205326795578,0.0257523357868194,-0.196564495563507,1.190312147140503,0.0040442580357193,0.7015847563743591,0.6594658493995667,0.2699395418167114,0.003747321665287,-0.187246948480606,1.180692434310913,-0.0404937453567981,0.7803940773010254,0.5815845727920532,0.2260635644197464,-0.0101219192147254,-0.1841498911380767,1.1744914054870603,-0.0404937453567981,0.7803940773010254,0.5815845727920532,0.2260635644197464,0.0308626405894756,-0.2959841787815094,1.1904693841934204,-0.4991762638092041,-0.3777778446674347,-0.4055329263210296,-0.6660705804824829,0.054968949407339,-0.2386407703161239,1.1843193769454956,0.2371178567409515,0.6861037611961365,0.566031277179718,0.3906983435153961,0.028255084529519,-0.2034203708171844,1.1720380783081057,-0.2170061022043228,0.7574130296707153,0.5799415111541748,-0.2071275115013122,0.0042283274233341,-0.2200914323329925,1.1738563776016235,-0.4877978861331939,0.6042190790176392,0.2966020107269287,-0.5558776259422302,0.0059340223670005,-0.2367902845144271,1.180802822113037,-0.4877978861331939,0.6042190790176392,0.2966020107269287,-0.5558776259422302,0.0339830890297889,-0.299295425415039,1.1802631616592407,-0.3795866966247558,-0.4071095287799835,-0.4196203947067261,-0.7170038223266602,0.0521899759769439,-0.2468776702880859,1.1649987697601318,0.2222858965396881,0.7447919845581055,0.5233850479125977,0.3492020666599273,0.0257248915731906,-0.2188280671834945,1.153423547744751,-0.2185559868812561,0.7572651505470276,0.4844138026237488,-0.3796393871307373,0.0107690319418907,-0.2357886731624603,1.1622394323349,-0.4538985192775726,0.5574989914894104,0.2476207613945007,-0.6495036482810974,0.0158960483968257,-0.252382218837738,1.172250747680664,-0.4538985192775726,0.5574989914894104,0.2476207613945007,-0.6495036482810974,0.0335250534117221,-0.3026713728904724,1.171220064163208,-0.2355901598930359,-0.4353246688842773,-0.4286074638366699,-0.7558342218399048,0.0481247976422309,-0.2535578906536102,1.1449590921401978,0.3008283972740173,0.7575879096984863,0.4478066265583038,0.3674671947956085,0.0344666354358196,-0.2340284287929535,1.1378095149993896,-0.1003377139568328,0.8046945333480835,0.4798253178596496,-0.334913045167923,0.0195792280137538,-0.2435434013605117,1.1465330123901367,-0.3089482486248016,0.6481688022613525,0.1770409345626831,-0.6731157302856445,0.0211482346057891,-0.2538696527481079,1.1588692665100098,-0.3089482486248016,0.6481688022613525,0.1770409345626831,-0.6731157302856445,13051,0.0242686308920383,-0.3583097159862518,1.6089107990264893,0.0876447260379791,0.1972480714321136,-0.0310174860060215,0.9759352207183838
5624,5624,,1653380498.0,975297100.0,,,,,,,,,,,,,,,,,,,,,,,,,,,,,,,,,,,,,,,,,,,,,,,,,,,,,,,,,,,,,,,,,,,,,,,,,,,,,,,,,,,,,,,,,,,,,,,,,,,,,,,,,,,,,,,,,,,,,,,,,,,,,,,,,,,,,,,,,,,,,,,,,,,,,,,,,,,,,,,,,,,,,,,,,,,,,,,,,,,,,,,,13052.0,True,0.0495261214673519,-0.2682840228080749,1.1824032068252563,-0.5084386467933655,-0.4458876252174377,-0.4045671820640564,-0.6156296133995056,0.0343917682766914,-0.3150620758533478,1.1963489055633545,-0.5084386467933655,-0.4458876252174377,-0.4045671820640564,-0.6156296133995056,0.02728221565485,-0.2907382547855377,1.2089449167251587,-0.0809872671961784,0.1254813224077224,-0.7859918475151062,-0.5999269485473633,0.0148471351712942,-0.2477719783782959,1.2218834161758425,0.1517529934644699,-0.0641461163759231,-0.739303708076477,-0.6529059410095215,0.0113819278776645,-0.215436652302742,1.2113498449325562,0.1381381899118423,-0.0595279671251773,-0.7643720507621765,-0.6269845366477966,0.007925771176815,-0.1968969404697418,1.2057247161865234,0.1381381899118423,-0.0595279671251773,-0.7643720507621765,-0.6269845366477966,0.0332441926002502,-0.2926274240016937,1.199498176574707,0.6179870367050171,0.4112081527709961,0.4220948219299316,0.5204188823699951,0.0534658245742321,-0.2299030572175979,1.205700397491455,0.2206734418869018,0.661263108253479,0.5722217559814453,0.4319683611392975,0.0306760445237159,-0.1960588991641998,1.1919795274734497,0.004143254365772,0.701791524887085,0.6593121290206909,0.2697758376598358,0.008666519075632,-0.1867454051971435,1.182366132736206,-0.0405308045446872,0.7806097865104675,0.581379771232605,0.2258390635251999,-0.0052057579159736,-0.1836550086736679,1.17616868019104,-0.0405308045446872,0.7806097865104675,0.581379771232605,0.2258390635251999,0.0357903949916362,-0.29547780752182,1.1921848058700562,-0.499089241027832,-0.3780252039432525,-0.4053500890731811,-0.6661067008972168,0.0598918609321117,-0.2381364703178405,1.185996651649475,0.2371255606412887,0.6863282918930054,0.5658215880393982,0.3906031548976898,0.0331715047359466,-0.2029231637716293,1.1737090349197388,-0.2168502211570739,0.7575079798698425,0.5797963738441467,-0.2073491811752319,0.0091461725533008,-0.2195943146944046,1.175545573234558,-0.4876120090484619,0.6041669249534607,0.2965436279773712,-0.5561282634735107,0.0108554102480411,-0.2362896651029586,1.1824995279312134,-0.4876120090484619,0.6041669249534607,0.2965436279773712,-0.5561282634735107,0.0389067530632019,-0.2987939417362213,1.1819789409637451,-0.3794895112514496,-0.4073685705661773,-0.4194561839103699,-0.7170042395591736,0.057105217128992,-0.2463829815387725,1.166681170463562,0.2222937792539596,0.7449971437454224,0.5231631398200989,0.34909188747406,0.0306342169642448,-0.2183400988578796,1.1551032066345217,-0.2183776050806045,0.7573010325431824,0.4842656552791595,-0.3798594772815704,0.0156826898455619,-0.2352969795465469,1.1639336347579956,-0.4536989331245422,0.5574161410331726,0.2475649416446685,-0.6497353911399841,0.0208145231008529,-0.2518854141235351,1.1739509105682373,-0.4536989331245422,0.5574161410331726,0.2475649416446685,-0.6497353911399841,0.0384447090327739,-0.3021742403507232,1.1729376316070557,-0.2354887276887893,-0.43559730052948,-0.42845219373703,-0.7557967901229858,0.0530324354767799,-0.2530738413333893,1.1466455459594729,0.3008447289466858,0.7577654719352722,0.4475954473018646,0.3673447966575622,0.0393702834844589,-0.2335476577281952,1.13949453830719,-0.1002320200204849,0.8047381639480591,0.4796549379825592,-0.3350838422775268,0.0244865529239177,-0.2430604249238968,1.1482267379760742,-0.3087051510810852,0.6480780243873596,0.1768772155046463,-0.6733576059341431,0.0260612368583679,-0.2533785104751587,1.160569190979004,-0.3087051510810852,0.6480780243873596,0.1768772155046463,-0.6733576059341431,13053,0.0230656079947948,-0.3582841157913208,1.6103308200836182,0.0926396399736404,0.1970102488994598,-0.033739149570465,0.9754314422607422
5625,5625,,1653380498.0,993295400.0,,,,,,,,,,,,,,,,,,,,,,,,,,,,,,,,,,,,,,,,,,,,,,,,,,,,,,,,,,,,,,,,,,,,,,,,,,,,,,,,,,,,,,,,,,,,,,,,,,,,,,,,,,,,,,,,,,,,,,,,,,,,,,,,,,,,,,,,,,,,,,,,,,,,,,,,,,,,,,,,,,,,,,,,,,,,,,,,,,,,,,,,13054.0,True,0.0575082227587699,-0.2750309109687805,1.177003264427185,-0.5082926750183105,-0.4455130100250244,-0.4047429263591766,-0.61590576171875,0.042347814887762,-0.3218050599098205,1.1909337043762207,-0.5082926750183105,-0.4455130100250244,-0.4047429263591766,-0.61590576171875,0.0352318808436393,-0.2974793910980224,1.203522562980652,-0.0805857181549072,0.1258051246404647,-0.7859541177749634,-0.5999627113342285,0.0227947551757097,-0.2545103132724762,1.2164499759674072,0.1521381437778473,-0.0638671815395355,-0.7391389608383179,-0.6530303359031677,0.0193486548960208,-0.2221748828887939,1.2059104442596436,0.1384540647268295,-0.0591844879090786,-0.7642262578010559,-0.627125084400177,0.0159028768539428,-0.2036333978176117,1.2002848386764526,0.1384540647268295,-0.0591844879090786,-0.7642262578010559,-0.627125084400177,0.0412028543651104,-0.2993700802326202,1.1940817832946775,0.617827832698822,0.4108672738075256,0.422337919473648,0.5206800103187561,0.0614344142377376,-0.2366509437561035,1.2003042697906494,0.2204711139202118,0.6610178351402283,0.5722765922546387,0.4323741793632507,0.0386671610176563,-0.202800914645195,1.1865605115890503,0.0039025370497256,0.7016556859016418,0.6592791080474854,0.27021324634552,0.0166697017848491,-0.1934817731380462,1.1769250631332395,-0.0407222285866737,0.780501663684845,0.5813299417495728,0.2263059616088867,0.0028044506907463,-0.1903878003358841,1.1707136631011963,-0.0407222285866737,0.780501663684845,0.5813299417495728,0.2263059616088867,0.0437556691467762,-0.3022211492061615,1.186771035194397,-0.4989341199398041,-0.3776264786720276,-0.405514657497406,-0.6663488149642944,0.0678781196475029,-0.2448860257863998,1.1806070804595947,0.2369296848773956,0.6861017346382141,0.5658900141716003,0.3910207748413086,0.0411792024970054,-0.209665834903717,1.16829252243042,-0.2170436382293701,0.7576403021812439,0.5797138810157776,-0.206894114613533,0.017147734761238,-0.2263307869434356,1.17010498046875,-0.4876828491687774,0.604509174823761,0.2963701486587524,-0.5557868480682373,0.018845684826374,-0.2430265843868255,1.177060604095459,-0.4876828491687774,0.604509174823761,0.2963701486587524,-0.5557868480682373,0.0468814149498939,-0.3055381178855896,1.1765682697296145,-0.379331111907959,-0.4069597423076629,-0.4195541143417358,-0.7172629237174988,0.0651087462902069,-0.2531318068504333,1.1612887382507324,0.2221269160509109,0.7447932362556458,0.5232294201850891,0.3495334684848785,0.0386566258966922,-0.225082129240036,1.149684190750122,-0.2185229659080505,0.7575199007987976,0.4842045903205871,-0.3794167637825012,0.0236918665468692,-0.2420351505279541,1.1584995985031128,-0.4537511467933655,0.5578009486198425,0.2474206537008285,-0.6494236588478088,0.0288093499839305,-0.2586248815059662,1.1685220003128052,-0.4537511467933655,0.5578009486198425,0.2474206537008285,-0.6494236588478088,0.0464275851845741,-0.3089182674884796,1.1675264835357666,-0.2353294193744659,-0.4351875185966491,-0.4284727871417999,-0.7560707926750183,0.0610543675720691,-0.2598216533660888,1.1412490606307983,0.3007174432277679,0.7575422525405884,0.4476988017559051,0.3677831292152405,0.047404445707798,-0.2402919679880142,1.1340843439102173,-0.100349374115467,0.8049264550209045,0.47965008020401,-0.3346032500267029,0.0325089544057846,-0.2498000413179397,1.1428015232086182,-0.3087452352046966,0.6484227776527405,0.1768375635147094,-0.6730176210403442,0.0340696424245834,-0.2601195871829986,1.155144453048706,-0.3087452352046966,0.6484227776527405,0.1768375635147094,-0.6730176210403442,13055,0.0229693856090307,-0.3582862317562103,1.6100062131881714,0.0969186946749687,0.1990802437067031,-0.0368180572986602,0.974483609199524
5626,5626,,1653380499.0,10295300.0,,,,,,,,,,,,,,,,,,,,,,,,,,,,,,,,,,,,,,,,,,,,,,,,,,,,,,,,,,,,,,,,,,,,,,,,,,,,,,,,,,,,,,,,,,,,,,,,,,,,,,,,,,,,,,,,,,,,,,,,,,,,,,,,,,,,,,,,,,,,,,,,,,,,,,,,,,,,,,,,,,,,,,,,,,,,,,,,,,,,,,,,13057.0,True,0.0634412392973899,-0.2827341258525848,1.1672170162200928,-0.5083943605422974,-0.4454119205474853,-0.4049009084701538,-0.6157909631729126,0.0482838377356529,-0.3295161724090576,1.181124210357666,-0.5083943605422974,-0.4454119205474853,-0.4049009084701538,-0.6157909631729126,0.0411643497645854,-0.3051970303058624,1.1937236785888672,-0.0806819424033165,0.126001700758934,-0.7859581708908081,-0.5999031066894531,0.0287220142781734,-0.2622346878051758,1.2066683769226074,0.152004674077034,-0.0636263564229011,-0.7391812205314636,-0.6530370712280273,0.0252737402915954,-0.2298939526081085,1.1961458921432495,0.1383992135524749,-0.059001125395298,-0.7642600536346436,-0.6271132826805115,0.0218267738819122,-0.2113508284091949,1.1905263662338257,0.1383992135524749,-0.059001125395298,-0.7642600536346436,-0.6271132826805115,0.0471364483237266,-0.3070827722549438,1.1842825412750244,0.6179081797599792,0.4107720553874969,0.4224888980388641,0.5205371975898743,0.0673614740371704,-0.2443646341562271,1.1905362606048584,0.2205117046833038,0.660873532295227,0.5724615454673767,0.4323292970657348,0.0445924177765846,-0.2105103582143783,1.1768059730529783,0.0038991407491266,0.7014890313148499,0.6594550013542175,0.2702164947986603,0.0225950479507446,-0.2011888027191162,1.1671725511550903,-0.0407356135547161,0.780353307723999,0.5815198421478271,0.2263272702693939,0.0087301209568977,-0.1980932652950287,1.1609612703323364,-0.0407356135547161,0.780353307723999,0.5815198421478271,0.2263272702693939,0.049690268933773,-0.3099302053451538,1.1769707202911377,-0.4990507662296295,-0.3775222599506378,-0.40565887093544,-0.6662328243255615,0.0738079398870468,-0.2525899708271026,1.1708358526229858,0.2369597852230072,0.6859617233276367,0.5660797357559204,0.3909735083580017,0.0471069291234016,-0.217366561293602,1.1585350036621094,-0.2171564847230911,0.7575057148933411,0.5798691511154175,-0.2068328410387039,0.0230768620967865,-0.2340346127748489,1.1603373289108276,-0.4878552556037903,0.6044451594352722,0.2964599132537842,-0.5556570291519165,0.0247756801545619,-0.2507334947586059,1.1672853231430054,-0.4878552556037903,0.6044451594352722,0.2964599132537842,-0.5556570291519165,0.0528173521161079,-0.313242107629776,1.1667667627334597,-0.3794574439525604,-0.4068440198898315,-0.419701486825943,-0.7171754240989685,0.0710412785410881,-0.2608270347118377,1.1515134572982788,0.2221467345952987,0.7446645498275757,0.5234300494194031,0.3494946360588074,0.0445876829326152,-0.2327744513750076,1.1399192810058594,-0.2186711281538009,0.7574162483215332,0.4843517243862152,-0.3793507218360901,0.0296236351132392,-0.249732956290245,1.1487252712249756,-0.4539406895637512,0.5577546954154968,0.247496873140335,-0.6493018865585327,0.0347416810691356,-0.2663268744945526,1.158740520477295,-0.4539406895637512,0.5577546954154968,0.247496873140335,-0.6493018865585327,0.0523647479712963,-0.3166181147098541,1.1577234268188477,-0.2354630231857299,-0.4350610077381134,-0.4286212921142578,-0.7560177445411682,0.0669895485043525,-0.2675079107284546,1.1314702033996582,0.3007447123527527,0.7574338912963867,0.4479072391986847,0.3677302598953247,0.0533384978771209,-0.2479761987924575,1.124313235282898,-0.1005087420344352,0.8048200607299805,0.4798136055469513,-0.3345766961574554,0.0384435765445232,-0.2574905753135681,1.1330244541168213,-0.3089059293270111,0.6484341025352478,0.1769121587276458,-0.6729133725166321,0.0400029346346855,-0.2678146362304687,1.1453639268875122,-0.3089059293270111,0.6484341025352478,0.1769121587276458,-0.6729133725166321,13056,0.0236718133091926,-0.3585366010665893,1.6088696718215942,0.0990712940692901,0.2006776183843612,-0.0406306162476539,0.9737877249717712
5627,5627,,1653380499.0,26294800.0,,,,,,,,,,,,,,,,,,,,,,,,,,,,,,,,,,,,,,,,,,,,,,,,,,,,,,,,,,,,,,,,,,,,,,,,,,,,,,,,,,,,,,,,,,,,,,,,,,,,,,,,,,,,,,,,,,,,,,,,,,,,,,,,,,,,,,,,,,,,,,,,,,,,,,,,,,,,,,,,,,,,,,,,,,,,,,,,,,,,,,,,13058.0,True,0.0637784376740455,-0.2827742397785187,1.1667321920394895,-0.5086033344268799,-0.4455648064613342,-0.4047286808490753,-0.6156210899353027,0.0486256144940853,-0.329556792974472,1.1806426048278809,-0.5086033344268799,-0.4455648064613342,-0.4047286808490753,-0.6156210899353027,0.0415173098444938,-0.3052388429641723,1.1932506561279297,-0.0809899345040321,0.1258608400821685,-0.7858893275260925,-0.599981427192688,0.029088357463479,-0.2622771561145782,1.2062104940414429,0.1516986340284347,-0.0638012140989303,-0.7392035126686096,-0.6530658602714539,0.0256363041698932,-0.2299344539642334,1.1956952810287476,0.138097658753395,-0.0591789484024047,-0.7642768025398254,-0.627142608165741,0.0221875086426734,-0.2113903313875198,1.190080165863037,0.138097658753395,-0.0591789484024047,-0.7642768025398254,-0.627142608165741,0.0474827215075492,-0.307123988866806,1.183804988861084,0.6181140542030334,0.4108851850032806,0.4222815334796905,0.520371675491333,0.0677186399698257,-0.244408905506134,1.190054416656494,0.2207945585250854,0.660963773727417,0.5724158883094788,0.4321072697639465,0.0449437908828258,-0.2105494886636734,1.1763464212417605,0.0041396315209567,0.7015418410301208,0.659479022026062,0.2700172960758209,0.0229409858584404,-0.2012256681919098,1.1667276620864868,-0.0404158607125282,0.7803966403007507,0.5815744400024414,0.2260947823524475,0.0090719833970069,-0.1981262266635894,1.1605273485183716,-0.0404158607125282,0.7803966403007507,0.5815744400024414,0.2260947823524475,0.0500312745571136,-0.30997034907341,1.1764912605285645,-0.499260276556015,-0.3776927888393402,-0.4054819643497467,-0.6660869121551514,0.0741507858037948,-0.2526317238807678,1.1703485250473022,0.237219363451004,0.6860396862030029,0.5660305023193359,0.3907506465911865,0.0474450886249542,-0.2174036204814911,1.1580713987350464,-0.2169340699911117,0.7574020624160767,0.5800121426582336,-0.2070447355508804,0.0234144963324069,-0.2340694069862365,1.1598875522613523,-0.4877645075321197,0.6042581796646118,0.2967022359371185,-0.5558108687400818,0.0251163057982921,-0.2507695257663727,1.1668319702148438,-0.4877645075321197,0.6042581796646118,0.2967022359371185,-0.5558108687400818,0.0531510300934314,-0.3132810294628143,1.1662845611572266,-0.3796772062778473,-0.4070371985435486,-0.4195649921894073,-0.7170294523239136,0.0713700503110885,-0.2608655393123626,1.1510268449783323,0.222391664981842,0.7447323203086853,0.5233925580978394,0.3492505848407745,0.0449114814400672,-0.2328083962202072,1.1394550800323486,-0.2184945940971374,0.7572610378265381,0.4845043420791626,-0.3795675337314605,0.0299516692757606,-0.2497666925191879,1.148268699645996,-0.4538762271404266,0.5575376152992249,0.2477289140224456,-0.6494448184967041,0.0350748114287853,-0.2663626670837402,1.1582778692245483,-0.4538762271404266,0.5575376152992249,0.2477289140224456,-0.6494448184967041,0.0526922792196273,-0.3166557550430298,1.1572409868240356,-0.2356863021850586,-0.4352681338787079,-0.4285488724708557,-0.75586998462677,0.0673034712672233,-0.26754230260849,1.1309863328933716,0.3009369671344757,0.7575239539146423,0.4478131234645843,0.3675021231174469,0.0536498427391052,-0.2480088174343109,1.1238391399383545,-0.1002680137753486,0.80467689037323,0.4799140691757202,-0.3348489999771118,0.0387601926922798,-0.2575214803218841,1.1325613260269165,-0.3089200854301452,0.6481879353523254,0.1771744191646576,-0.6730750799179077,0.0403268709778785,-0.2678499817848205,1.1448960304260254,-0.3089200854301452,0.6481879353523254,0.1771744191646576,-0.6730750799179077,13059,0.0243901014328002,-0.3582170903682709,1.6074074506759644,0.1006724089384079,0.2003389000892639,-0.0441055595874786,0.9735420346260072
5628,5628,,1653380499.0,43298200.0,,,,,,,,,,,,,,,,,,,,,,,,,,,,,,,,,,,,,,,,,,,,,,,,,,,,,,,,,,,,,,,,,,,,,,,,,,,,,,,,,,,,,,,,,,,,,,,,,,,,,,,,,,,,,,,,,,,,,,,,,,,,,,,,,,,,,,,,,,,,,,,,,,,,,,,,,,,,,,,,,,,,,,,,,,,,,,,,,,,,,,,,13061.0,True,0.0630831718444824,-0.2886578738689422,1.1611472368240356,-0.5087304711341858,-0.44551482796669,-0.4046923518180847,-0.6155760884284973,0.0479239374399185,-0.3354407548904419,1.1750496625900269,-0.5087304711341858,-0.44551482796669,-0.4046923518180847,-0.6155760884284973,0.0408213175833225,-0.3111242055892944,1.1876635551452637,-0.0810983553528785,0.1259273141622543,-0.7858185172080994,-0.6000455021858215,0.0284011662006378,-0.2681635916233063,1.200635313987732,0.1516025066375732,-0.063804306089878,-0.7391586899757385,-0.6531386375427246,0.024953618645668,-0.2358187884092331,1.1901249885559082,0.1379245072603225,-0.0590938664972782,-0.7642284035682678,-0.62724769115448,0.0215081311762332,-0.2172718495130539,1.18451726436615,0.1379245072603225,-0.0590938664972782,-0.7642284035682678,-0.62724769115448,0.0467853173613548,-0.313008189201355,1.1782170534133911,0.6182291507720947,0.410818338394165,0.4222432971000671,0.5203186869621277,0.0670327767729759,-0.2502979338169098,1.1844773292541504,0.2209115773439407,0.6609123349189758,0.5724330544471741,0.4321034252643585,0.0442621037364006,-0.2164323627948761,1.1707775592803955,0.0043101767078042,0.7014771103858948,0.6595432758331299,0.2700258791446686,0.0222596079111099,-0.2071011960506439,1.1611652374267578,-0.0403528846800327,0.7803440690040588,0.5816464424133301,0.2261022627353668,0.0083905607461929,-0.2039995491504669,1.154966115951538,-0.0403528846800327,0.7803440690040588,0.5816464424133301,0.2261022627353668,0.0493324771523475,-0.3158536553382873,1.170902132987976,-0.4993868470191955,-0.3776465654373169,-0.4054346978664398,-0.6660469770431519,0.0734611451625824,-0.2585178911685943,1.1647686958312988,0.23735311627388,0.685982882976532,0.5660548806190491,0.3907337784767151,0.0467600598931312,-0.2232826203107834,1.152502179145813,-0.2168562561273574,0.7573474645614624,0.5801225900650024,-0.2070168554782867,0.0227268077433109,-0.2399446666240692,1.1543176174163818,-0.4877554476261139,0.60422682762146,0.2968617677688598,-0.5557677149772644,0.0244265608489513,-0.2566467523574829,1.1612577438354492,-0.4877554476261139,0.60422682762146,0.2968617677688598,-0.5557677149772644,0.0524504519999027,-0.3191627562046051,1.1606944799423218,-0.3798125684261322,-0.4070028066635132,-0.419523537158966,-0.7170014977455139,0.0706766992807388,-0.2667471766471863,1.1454455852508545,0.2225235700607299,0.7446787357330322,0.5234276652336121,0.3492281436920166,0.0442215949296951,-0.2386830300092697,1.1338828802108765,-0.2184405177831649,0.7572063207626343,0.4846296310424804,-0.3795476257801056,0.0292599089443683,-0.2556406259536743,1.1426947116851809,-0.4538818597793579,0.5575122237205505,0.24787038564682,-0.6494086980819702,0.0343813709914684,-0.2722395658493042,1.1526998281478882,-0.4538818597793579,0.5575122237205505,0.24787038564682,-0.6494086980819702,0.0519900508224964,-0.3225354552268982,1.151650309562683,-0.2358286827802658,-0.435247540473938,-0.4285155832767486,-0.7558563351631165,0.0666065886616706,-0.2734190225601196,1.1254041194915771,0.3010674715042114,0.7574726939201355,0.4478433132171631,0.3674641847610473,0.0529554784297943,-0.2538816630840301,1.1182626485824585,-0.1002055034041404,0.8046151995658875,0.4800334870815277,-0.3348447680473327,0.0380652248859405,-0.2633935809135437,1.126984715461731,-0.3089212477207184,0.6481634378433228,0.1773024499416351,-0.6730644106864929,0.039631463587284,-0.2737246453762054,1.139317274093628,-0.3089212477207184,0.6481634378433228,0.1773024499416351,-0.6730644106864929,13060,0.0242666807025671,-0.3579199314117431,1.6076611280441284,0.1031210198998451,0.2001810371875763,-0.0461174622178077,0.973224937915802
5629,5629,,1653380499.0,60296400.0,,,,,,,,,,,,,,,,,,,,,,,,,,,,,,,,,,,,,,,,,,,,,,,,,,,,,,,,,,,,,,,,,,,,,,,,,,,,,,,,,,,,,,,,,,,,,,,,,,,,,,,,,,,,,,,,,,,,,,,,,,,,,,,,,,,,,,,,,,,,,,,,,,,,,,,,,,,,,,,,,,,,,,,,,,,,,,,,,,,,,,,,13063.0,True,0.0701299756765365,-0.2964499294757843,1.1380671262741089,-0.5084326267242432,-0.4454880058765411,-0.4048449397087097,-0.6157411932945251,0.0549879930913448,-0.3432342410087585,1.151983618736267,-0.5084326267242432,-0.4454880058765411,-0.4048449397087097,-0.6157411932945251,0.0478741861879825,-0.3189163208007812,1.1645885705947876,-0.081465795636177,0.1262845993041992,-0.7857474088668823,-0.600013792514801,0.0354560576379299,-0.275968998670578,1.177606225013733,0.1527909785509109,-0.0649033859372139,-0.739528238773346,-0.6523345112800598,0.0319589711725711,-0.243641972541809,1.1669788360595703,0.1362794041633606,-0.0574148371815681,-0.7638571858406067,-0.6282146573066711,0.0285392776131629,-0.2250391989946365,1.1614550352096558,0.1362794041633606,-0.0574148371815681,-0.7638571858406067,-0.6282146573066711,0.0538400001823902,-0.3208010494709015,1.1551433801651,0.6180355548858643,0.410984456539154,0.4223134219646454,0.5203607082366943,0.0740615501999855,-0.2580805718898773,1.1613848209381104,0.220693364739418,0.6610264778137207,0.5724232196807861,0.4320532083511352,0.0512788444757461,-0.224228098988533,1.1476726531982422,0.0040943254716694,0.7015745043754578,0.6594732403755188,0.2699469923973083,0.0292740613222122,-0.2149083912372589,1.1380544900894165,-0.0403923876583576,0.7804102301597595,0.5815870761871338,0.2260194718837738,0.0154039561748504,-0.2118096649646759,1.1318563222885132,-0.0403923876583576,0.7804102301597595,0.5815870761871338,0.2260194718837738,0.0563891232013702,-0.3236479759216308,1.1478296518325806,-0.4991763234138489,-0.3777777850627899,-0.4055330157279968,-0.6660705208778381,0.0804954245686531,-0.2663045525550842,1.1416796445846558,0.2371367365121841,0.6861022710800171,0.5660325884819031,0.3906878530979156,0.0537816360592842,-0.2310834974050521,1.1294000148773191,-0.216948926448822,0.7574142813682556,0.5799700021743774,-0.2071030884981155,0.0297528356313705,-0.2477515786886215,1.1312189102172852,-0.4874894320964813,0.6043474078178406,0.2959887981414795,-0.5563352108001709,0.0314660929143428,-0.2644384801387787,1.1381921768188477,-0.4874894320964813,0.6043474078178406,0.2959887981414795,-0.5563352108001709,0.0595095679163932,-0.3269592225551605,1.1376234292984009,-0.3795867562294006,-0.4071095883846283,-0.4196205139160156,-0.7170037627220154,0.0777164474129676,-0.2745414674282074,1.122359037399292,0.2223019301891327,0.744769275188446,0.523399293422699,0.3492186665534973,0.0512528792023658,-0.2464901953935623,1.1107844114303589,-0.2185038477182388,0.757274329662323,0.4844304323196411,-0.3796298801898956,0.0362955667078495,-0.2634490728378296,1.119601130485535,-0.4537332057952881,0.5575940012931824,0.2473174780607223,-0.6496530771255493,0.0414243564009666,-0.2800342440605163,1.1296253204345703,-0.4537332057952881,0.5575940012931824,0.2473174780607223,-0.6496530771255493,0.0590511374175548,-0.3303350508213043,1.1285803318023682,-0.2355941832065582,-0.4353308975696563,-0.4285928606986999,-0.7558376789093018,0.0736517086625099,-0.2812223136425018,1.1023184061050415,0.300857275724411,0.7575735449790955,0.4478364884853363,0.367436796426773,0.0599932968616485,-0.2616921067237854,1.095171332359314,-0.1003181114792823,0.8047015070915222,0.4798279702663421,-0.3348984718322754,0.0451053529977798,-0.271206259727478,1.103894829750061,-0.3086422979831695,0.6482208967208862,0.1766285896301269,-0.6733140349388123,0.0466768890619277,-0.2815187871456146,1.116242289543152,-0.3086422979831695,0.6482208967208862,0.1766285896301269,-0.6733140349388123,13062,0.0244299471378326,-0.3562296628952026,1.608331322669983,0.1074840351939201,0.2023370563983917,-0.0481969900429248,0.9722056984901428
5630,5630,,1653380499.0,77297100.0,,,,,,,,,,,,,,,,,,,,,,,,,,,,,,,,,,,,,,,,,,,,,,,,,,,,,,,,,,,,,,,,,,,,,,,,,,,,,,,,,,,,,,,,,,,,,,,,,,,,,,,,,,,,,,,,,,,,,,,,,,,,,,,,,,,,,,,,,,,,,,,,,,,,,,,,,,,,,,,,,,,,,,,,,,,,,,,,,,,,,,,,13065.0,True,0.067658856511116,-0.3141628205776214,1.136804223060608,-0.5084326863288879,-0.4454880356788635,-0.4048450291156769,-0.6157410740852356,0.0525168813765049,-0.3609471023082733,1.1507205963134766,-0.5084326863288879,-0.4454880356788635,-0.4048450291156769,-0.6157410740852356,0.0454030744731426,-0.3366292119026184,1.1633256673812866,-0.0814658924937248,0.1262846291065216,-0.7857474088668823,-0.6000137329101562,0.0329849384725093,-0.2936819195747375,1.1763432025909424,0.1527908742427826,-0.0649033114314079,-0.7395282983779907,-0.652334451675415,0.0294878482818603,-0.2613548636436462,1.1657159328460691,0.136279284954071,-0.057414773851633,-0.7638573050498962,-0.6282145977020264,0.0260681472718715,-0.2427521049976349,1.1601921319961548,0.136279284954071,-0.057414773851633,-0.7638573050498962,-0.6282145977020264,0.0513688884675502,-0.3385139405727386,1.1538804769515991,0.6180355548858643,0.4109844863414764,0.4223134815692901,0.5203605890274048,0.0715904235839843,-0.2757934629917145,1.1601219177246094,0.2206933945417404,0.6610264778137207,0.5724233388900757,0.4320531189441681,0.0488077104091644,-0.2419410049915313,1.1464097499847412,0.0040943468920886,0.701574444770813,0.6594734191894531,0.2699469029903412,0.0268029235303401,-0.2326212525367736,1.1367915868759155,-0.040391955524683,0.7803840637207031,0.5816080570220947,0.2260562777519226,0.0129333361983299,-0.229521706700325,1.130592703819275,-0.040391955524683,0.7803840637207031,0.5816080570220947,0.2260562777519226,0.0539180114865303,-0.341360867023468,1.1465667486190796,-0.499176412820816,-0.3777778446674347,-0.4055330455303192,-0.6660704016685486,0.0780243054032325,-0.2840174734592438,1.1404167413711548,0.2371367365121841,0.6861022114753723,0.5660326480865479,0.3906877636909485,0.051310509443283,-0.2487964034080505,1.1281371116638184,-0.2169489562511444,0.7574141025543213,0.5799700617790222,-0.2071031630039215,0.0272817052900791,-0.2654644846916199,1.1299560070037842,-0.4874895513057709,0.6043474078178406,0.2959888875484466,-0.5563352108001709,0.028994970023632,-0.2821513712406158,1.136929273605347,-0.4874895513057709,0.6043474078178406,0.2959888875484466,-0.5563352108001709,0.0570384562015533,-0.34467214345932,1.1363605260849,-0.3795868456363678,-0.4071095585823059,-0.4196205735206604,-0.717003583908081,0.0752453282475471,-0.2922543585300445,1.1210960149765017,0.222301959991455,0.7447693347930908,0.5233994126319885,0.3492186367511749,0.0487817414104938,-0.2642031013965606,1.109521508216858,-0.2185038924217224,0.7572742700576782,0.4844305217266083,-0.3796299695968628,0.0338244400918483,-0.2811619639396667,1.1183382272720337,-0.4537332952022552,0.5575939416885376,0.2473175227642059,-0.6496530771255493,0.0389532335102558,-0.2977471053600311,1.1283624172210691,-0.4537332952022552,0.5575939416885376,0.2473175227642059,-0.6496530771255493,0.0565800257027149,-0.3480479419231415,1.1273173093795776,-0.2355942875146865,-0.435330867767334,-0.4285929203033447,-0.755837619304657,0.0711805820465087,-0.298935204744339,1.101055383682251,0.300857275724411,0.7575734853744507,0.4478366076946258,0.3674367070198059,0.0575221627950668,-0.2794049978256225,1.0939083099365234,-0.1003181859850883,0.8047013282775879,0.4798280000686645,-0.3348985016345978,0.0426342226564884,-0.2889191210269928,1.10263192653656,-0.3086423575878143,0.6482208371162415,0.1766286343336105,-0.673314094543457,0.0442057587206363,-0.2992316484451294,1.114979267120361,-0.3086423575878143,0.6482208371162415,0.1766286343336105,-0.673314094543457,13064,0.0253675282001495,-0.3563791513442993,1.60618793964386,0.1109673082828521,0.2044763565063476,-0.0508650094270706,0.9712303876876832
5631,5631,,1653380499.0,92296300.0,,,,,,,,,,,,,,,,,,,,,,,,,,,,,,,,,,,,,,,,,,,,,,,,,,,,,,,,,,,,,,,,,,,,,,,,,,,,,,,,,,,,,,,,,,,,,,,,,,,,,,,,,,,,,,,,,,,,,,,,,,,,,,,,,,,,,,,,,,,,,,,,,,,,,,,,,,,,,,,,,,,,,,,,,,,,,,,,,,,,,,,,13067.0,True,0.0676738321781158,-0.3142189085483551,1.1368106603622437,-0.5084325671195984,-0.4454880654811859,-0.4048449397087097,-0.6157412528991699,0.0525318421423435,-0.3610032200813293,1.150727152824402,-0.5084325671195984,-0.4454880654811859,-0.4048449397087097,-0.6157412528991699,0.0454180389642715,-0.336685299873352,1.1633321046829224,-0.0814657360315322,0.1262845546007156,-0.7857474088668823,-0.600013792514801,0.0329999029636383,-0.2937379777431488,1.176349639892578,0.1527910232543945,-0.064903400838375,-0.739528238773346,-0.6523345708847046,0.0295028313994407,-0.2614109516143799,1.165722370147705,0.1362794339656829,-0.0574148669838905,-0.7638571858406067,-0.6282146573066711,0.0260831341147422,-0.2428081631660461,1.1601985692977903,0.1362794339656829,-0.0574148669838905,-0.7638571858406067,-0.6282146573066711,0.0513838529586792,-0.3385700285434723,1.1538869142532349,0.6180355548858643,0.4109844267368316,0.4223133623600006,0.5203607082366943,0.0716054067015647,-0.2758495509624481,1.1601283550262451,0.2206933498382568,0.6610265970230103,0.5724231600761414,0.4320532381534576,0.0488226972520351,-0.2419970631599426,1.146416187286377,0.0040942723862826,0.7015745639801025,0.6594732403755188,0.2699470221996307,0.0268179178237915,-0.2326773554086685,1.1367980241775513,-0.040391981601715,0.7803841233253479,0.5816078186035156,0.2260563671588897,0.0129483267664909,-0.2295777797698974,1.130599021911621,-0.040391981601715,0.7803841233253479,0.5816078186035156,0.2260563671588897,0.0539329722523689,-0.3414169549942016,1.146573185920715,-0.4991763234138489,-0.3777777850627899,-0.4055330157279968,-0.6660705208778381,0.0780392885208129,-0.284073531627655,1.1404231786727903,0.2371367216110229,0.6861022710800171,0.5660325884819031,0.3906879127025604,0.0513254925608634,-0.2488524764776229,1.128143548965454,-0.216948926448822,0.7574142813682556,0.5799699425697327,-0.2071030884981155,0.0272966921329498,-0.2655205428600311,1.12996244430542,-0.4874894320964813,0.6043474078178406,0.2959887683391571,-0.5563352108001709,0.0290099456906318,-0.2822074294090271,1.1369357109069824,-0.4874894320964813,0.6043474078178406,0.2959887683391571,-0.5563352108001709,0.0570534244179725,-0.3447282016277313,1.1363669633865356,-0.3795866668224334,-0.4071094989776611,-0.4196204543113708,-0.7170037627220154,0.0752603113651275,-0.2923104465007782,1.1211024522781372,0.2223019301891327,0.7447693943977356,0.523399293422699,0.3492187261581421,0.0487967357039451,-0.2642591595649719,1.1095279455184937,-0.2185038477182388,0.7572743892669678,0.4844304323196411,-0.3796298503875732,0.0338394194841384,-0.2812180519104004,1.1183446645736694,-0.4537332057952881,0.5575940608978271,0.2473174631595611,-0.6496531367301941,0.0389682091772556,-0.2978032231330871,1.128368854522705,-0.4537332057952881,0.5575940608978271,0.2473174631595611,-0.6496531367301941,0.0565949939191341,-0.3481040298938751,1.127323865890503,-0.2355941832065582,-0.4353308975696563,-0.4285928606986999,-0.7558376789093018,0.0711955726146698,-0.2989912927150726,1.1010618209838867,0.300857275724411,0.7575735449790955,0.4478364288806915,0.3674368560314178,0.0575371533632278,-0.2794610857963562,1.0939147472381592,-0.1002985090017318,0.8046987056732178,0.4798308312892914,-0.334906667470932,0.0426492728292942,-0.288974791765213,1.102638840675354,-0.308651864528656,0.6482207775115967,0.1766538023948669,-0.6733032464981079,0.0442205220460891,-0.2992879748344421,1.1149858236312866,-0.308651864528656,0.6482207775115967,0.1766538023948669,-0.6733032464981079,13066,0.0260713286697864,-0.3551969230175018,1.6051535606384275,0.1127577796578407,0.2047324031591415,-0.0543210990726947,0.9707829356193542
5632,5632,,1653380499.0,108295100.0,,,,,,,,,,,,,,,,,,,,,,,,,,,,,,,,,,,,,,,,,,,,,,,,,,,,,,,,,,,,,,,,,,,,,,,,,,,,,,,,,,,,,,,,,,,,,,,,,,,,,,,,,,,,,,,,,,,,,,,,,,,,,,,,,,,,,,,,,,,,,,,,,,,,,,,,,,,,,,,,,,,,,,,,,,,,,,,,,,,,,,,,13069.0,True,0.0676899254322052,-0.3142777979373932,1.1368166208267212,-0.5084326267242432,-0.4454880058765411,-0.4048449397087097,-0.6157411932945251,0.0525479391217231,-0.3610621094703674,1.1507329940795898,-0.5084326267242432,-0.4454880058765411,-0.4048449397087097,-0.6157411932945251,0.0454341359436512,-0.3367441892623901,1.1633379459381104,-0.081465795636177,0.126284584403038,-0.7857474684715271,-0.600013792514801,0.0330159962177276,-0.2937968671321869,1.1763556003570557,0.1527909636497497,-0.0649033784866333,-0.739528238773346,-0.6523345708847046,0.0295189246535301,-0.2614698410034179,1.1657283306121826,0.1362793743610382,-0.0574148520827293,-0.7638571858406067,-0.6282146573066711,0.026099219918251,-0.2428670525550842,1.160204529762268,0.1362793743610382,-0.0574148520827293,-0.7638571858406067,-0.6282146573066711,0.0513999499380588,-0.3386289179325104,1.1538927555084229,0.618035614490509,0.4109844267368316,0.4223134219646454,0.5203607082366943,0.0716214999556541,-0.2759084403514862,1.160134196281433,0.2206933498382568,0.6610265374183655,0.5724232792854309,0.4320532083511352,0.0488387905061244,-0.2420559525489807,1.1464221477508545,0.0040943045169115,0.7015745639801025,0.6594732999801636,0.2699470221996307,0.0268340036273002,-0.2327362447977066,1.1368038654327393,-0.0403919704258441,0.7803841233253479,0.5816078782081604,0.2260563373565673,0.0129644125699996,-0.2296366691589355,1.1306049823760986,-0.0403919704258441,0.7803841233253479,0.5816078782081604,0.2260563373565673,0.0539490692317485,-0.3414758443832397,1.1465791463851929,-0.4991763234138489,-0.3777777552604675,-0.4055330157279968,-0.6660705208778381,0.0780553817749023,-0.2841324210166931,1.140429139137268,0.2371367365121841,0.6861022710800171,0.5660326480865479,0.3906878530979156,0.0513415858149528,-0.248911365866661,1.128149390220642,-0.2169489413499832,0.7574142813682556,0.5799699425697327,-0.2071030735969543,0.0273127779364585,-0.2655794322490692,1.1299684047698977,-0.4874894320964813,0.6043474078178406,0.2959887981414795,-0.5563352108001709,0.0290260389447212,-0.2822663187980652,1.1369415521621704,-0.4874894320964813,0.6043474078178406,0.2959887981414795,-0.5563352108001709,0.0570695176720619,-0.3447870910167694,1.1363728046417236,-0.3795867264270782,-0.4071095287799835,-0.4196204841136932,-0.7170037627220154,0.0752763971686363,-0.2923693358898163,1.1211084127426147,0.2223019301891327,0.7447693943977356,0.5233993530273438,0.3492186665534973,0.0488128215074539,-0.26431804895401,1.1095337867736816,-0.2185038626194,0.757274329662323,0.4844304323196411,-0.3796298801898956,0.0338555127382278,-0.2812769412994385,1.1183505058288574,-0.4537332355976105,0.5575940012931824,0.2473175078630447,-0.6496530771255493,0.0389843024313449,-0.2978620827198028,1.1283748149871826,-0.4537332355976105,0.5575940012931824,0.2473175078630447,-0.6496530771255493,0.0566110871732234,-0.3481629192829132,1.127329707145691,-0.2355941832065582,-0.4353308379650116,-0.4285928606986999,-0.7558376789093018,0.0712116509675979,-0.2990501821041107,1.1010677814483645,0.300857275724411,0.7575735449790955,0.4478364884853363,0.367436796426773,0.0575532466173172,-0.2795199751853943,1.0939207077026367,-0.1003171354532241,0.804702639579773,0.479806512594223,-0.3349266350269317,0.0426660366356372,-0.2890343368053436,1.1026452779769895,-0.3086423575878143,0.6482409238815308,0.1766563802957534,-0.673287570476532,0.0442364141345024,-0.2993474900722503,1.1149922609329224,-0.3086423575878143,0.6482409238815308,0.1766563802957534,-0.673287570476532,13068,0.0261804051697254,-0.3551150262355804,1.6051926612854004,0.1136543229222297,0.2058793902397155,-0.056818202137947,0.9702928066253662
